sector,start_value_usd,end_value_usd,pnl_usd,sector_return_pct,portfolio_weight
Information Technology,183404.000,199849.0,16445.000,0.089665,0.110338
Industrials,371110.740,407729.4,36618.660,0.098673,0.223265
Health Care,176116.500,152263.8,-23852.700,-0.135437,0.105954
Financials,235427.925,225330.0,-10097.925,-0.042892,0.141636
Consumer Staples,404405.000,544999.0,140594.000,0.347656,0.243295
Consumer Discretionary,291736.800,278409.6,-13327.200,-0.045682,0.175512
